id,first_name,last_name,email,gender
1,Alvera,Runcie,aruncie0@timesonline.co.uk,Female
2,Pincas,Gatesman,pgatesman1@surveymonkey.com,Male
3,Sophie,Swayland,sswayland2@cmu.edu,Female
4,Shelton,Curness,scurness3@virginia.edu,Male
5,Rodie,Munehay,rmunehay4@twitpic.com,Agender
6,Price,Clemitt,pclemitt5@gravatar.com,Male
7,Lexy,Gorriessen,lgorriessen6@nbcnews.com,Female
8,Michelle,Bretton,mbretton7@ocn.ne.jp,Male
9,Quillan,Aronovich,qaronovich8@vistaprint.com,Female
10,Aurie,Wheelwright,awheelwright9@army.mil,Male
11,Nerti,Norway,nnorwaya@ebay.com,Female
12,Sonia,Arkell,sarkellb@aol.com,Genderqueer
13,Henryetta,Busch,hbuschc@answers.com,Female
14,Engelbert,Bantick,ebantickd@google.pl,Female
15,Nathaniel,Swales,nswalese@opera.com,Male
16,Mia,Jaeggi,mjaeggif@yellowpages.com,Female
17,Barbra,Spurret,bspurretg@hhs.gov,Male
18,Shell,Blinde,sblindeh@shop-pro.jp,Male
19,Lynsey,Meiklejohn,lmeiklejohni@hp.com,Female
20,Debee,Del Dello,ddeldelloj@nymag.com,Male
21,Kelcy,Fretson,kfretsonk@yandex.ru,Male
22,Manny,Seadon,mseadonl@webmd.com,Female
23,Lonnie,Treweela,ltreweelam@squidoo.com,Female
24,Freddie,Dikles,fdiklesn@ucla.edu,Female
25,Sondra,Milthorpe,smilthorpeo@theatlantic.com,Male
26,Alexis,Larvent,alarventp@sfgate.com,Male
27,Ellynn,Itzcak,eitzcakq@merriam-webster.com,Male
28,Ulysses,Drayson,udraysonr@samsung.com,Male
29,Claus,Alentyev,calentyevs@engadget.com,Female
30,Josselyn,Rosekilly,jrosekillyt@photobucket.com,Male
31,Jaimie,Cunnington,jcunningtonu@linkedin.com,Male
32,Claudianus,Driffe,cdriffev@goo.ne.jp,Female
33,Alix,Teresse,ateressew@dyndns.org,Female
34,Tanny,Charke,tcharkex@sfgate.com,Female
35,Joscelin,Dumphreys,jdumphreysy@google.com.br,Female
36,Verla,Tremblay,vtremblayz@techcrunch.com,Polygender
37,Hermy,Nutbean,hnutbean10@craigslist.org,Male
38,Bernadina,Josephsen,bjosephsen11@wired.com,Male
39,Lavinia,Edney,ledney12@theguardian.com,Male
40,Brinn,Scheffler,bscheffler13@mashable.com,Male
41,Deane,Kop,dkop14@51.la,Female
42,Aida,Iannitti,aiannitti15@thetimes.co.uk,Male
43,Wenda,Zimmerman,wzimmerman16@photobucket.com,Male
44,Sher,Larratt,slarratt17@istockphoto.com,Bigender
45,Carlye,Pattesall,cpattesall18@1688.com,Male
46,Glynn,Vokins,gvokins19@paginegialle.it,Male
47,Curt,Brodie,cbrodie1a@sakura.ne.jp,Male
48,Garald,Monckman,gmonckman1b@furl.net,Male
49,Dav,Somerville,dsomerville1c@auda.org.au,Female
50,Stafani,Zimmermeister,szimmermeister1d@liveinternet.ru,Female
51,Lyssa,Gaspard,lgaspard1e@free.fr,Male
52,Ezekiel,Whelpton,ewhelpton1f@weather.com,Female
53,Meta,Jacob,mjacob1g@hexun.com,Bigender
54,Van,Pooke,vpooke1h@wiley.com,Female
55,Neal,Fullilove,nfullilove1i@moonfruit.com,Female
56,Frederich,Peirone,fpeirone1j@bravesites.com,Female
57,Laure,Rivenzon,lrivenzon1k@slashdot.org,Female
58,Bobbee,Potts,bpotts1l@reddit.com,Male
59,Shannen,Carlisso,scarlisso1m@aboutads.info,Male
60,Rossie,Barfoot,rbarfoot1n@networksolutions.com,Male
61,Forest,Glasner,fglasner1o@mozilla.org,Female
62,Petunia,Creagh,pcreagh1p@msu.edu,Female
63,Lanette,Lehemann,llehemann1q@wikispaces.com,Male
64,Elvin,Riha,eriha1r@independent.co.uk,Female
65,Corey,Arnold,carnold1s@webmd.com,Female
66,Catherin,Bunclark,cbunclark1t@cocolog-nifty.com,Male
67,Edgard,Cuttler,ecuttler1u@cyberchimps.com,Non-binary
68,Leta,Ludl,lludl1v@weebly.com,Male
69,Brose,Malyj,bmalyj1w@ehow.com,Female
70,Marshal,Curnucke,mcurnucke1x@google.pl,Female
71,Moises,Heathorn,mheathorn1y@fc2.com,Female
72,Codi,Jacobovitch,cjacobovitch1z@chicagotribune.com,Female
73,Alfreda,Montacute,amontacute20@gmpg.org,Female
74,Oliviero,Secret,osecret21@over-blog.com,Female
75,Kaitlyn,Fowle,kfowle22@ibm.com,Female
76,Bridgette,Labbe,blabbe23@businessweek.com,Male
77,Jamill,Van Ross,jvanross24@xrea.com,Male
78,Averyl,Drife,adrife25@360.cn,Female
79,Terri-jo,Luckin,tluckin26@amazon.co.jp,Male
80,Quincey,Baguley,qbaguley27@desdev.cn,Female
81,Burnard,Muglestone,bmuglestone28@reverbnation.com,Male
82,Dalston,Keaton,dkeaton29@t.co,Female
83,Mae,Lordon,mlordon2a@howstuffworks.com,Male
84,Gabriella,Guyon,gguyon2b@mtv.com,Female
85,Miltie,Schruurs,mschruurs2c@google.cn,Female
86,Devondra,Gildea,dgildea2d@prnewswire.com,Male
87,Lindsey,Jeanon,ljeanon2e@goo.ne.jp,Non-binary
88,Fawn,Puxley,fpuxley2f@wikimedia.org,Female
89,Nata,Romi,nromi2g@techcrunch.com,Female
90,Itch,O'Shevlan,ioshevlan2h@digg.com,Genderfluid
91,Harald,Spinello,hspinello2i@php.net,Female
92,Charil,Brager,cbrager2j@jimdo.com,Polygender
93,Doralynn,Stollenberg,dstollenberg2k@behance.net,Female
94,Ariana,Maillard,amaillard2l@chron.com,Male
95,Andrew,Nolder,anolder2m@hostgator.com,Female
96,Guillema,Shury,gshury2n@clickbank.net,Female
97,Johannah,Caldicott,jcaldicott2o@yahoo.com,Male
98,Maryl,Derrington,mderrington2p@msu.edu,Male
99,Wylma,Morling,wmorling2q@github.io,Female
100,Ingeberg,Lelievre,ilelievre2r@cyberchimps.com,Male
101,Gavin,Hallows,ghallows2s@mit.edu,Polygender
102,Basilius,McCart,bmccart2t@bandcamp.com,Female
103,Arnuad,Baskeyfield,abaskeyfield2u@privacy.gov.au,Male
104,Dunc,Akerman,dakerman2v@disqus.com,Male
105,Germain,Sharville,gsharville2w@google.co.uk,Female
106,Glory,Bauser,gbauser2x@usnews.com,Male
107,Padget,Boyse,pboyse2y@vimeo.com,Female
108,Claudian,Cleatherow,ccleatherow2z@ehow.com,Female
109,Trevor,Amps,tamps30@youku.com,Female
110,Margie,Bemwell,mbemwell31@dion.ne.jp,Female
111,Brady,Tarn,btarn32@prnewswire.com,Male
112,Angeli,Olligan,aolligan33@vistaprint.com,Male
113,Nappy,Braine,nbraine34@seattletimes.com,Female
114,Tirrell,Wadworth,twadworth35@seattletimes.com,Female
115,Whitman,Chieco,wchieco36@google.it,Male
116,Jacynth,Brabben,jbrabben37@behance.net,Female
117,Dolley,Blinco,dblinco38@weibo.com,Male
118,Rikki,Godspeede,rgodspeede39@prweb.com,Female
119,Nigel,Scholte,nscholte3a@xing.com,Female
120,Alaster,Ions,aions3b@wiley.com,Female
121,Christabella,Polak,cpolak3c@cdbaby.com,Male
122,Una,Shields,ushields3d@google.nl,Male
123,Berthe,Bonsall,bbonsall3e@soup.io,Female
124,Bryanty,Dominka,bdominka3f@mozilla.com,Female
125,Kariotta,Macartney,kmacartney3g@nature.com,Male
126,Mirabel,Fisbey,mfisbey3h@taobao.com,Male
127,Alida,Hannibal,ahannibal3i@dedecms.com,Female
128,Tabor,Dawber,tdawber3j@europa.eu,Male
129,Sayres,Menham,smenham3k@blogs.com,Male
130,Jed,Hickinbottom,jhickinbottom3l@google.com.au,Female
131,Mureil,Hartzenberg,mhartzenberg3m@google.co.uk,Male
132,Bartholomeo,Carbin,bcarbin3n@webs.com,Polygender
133,Catherine,Adrianello,cadrianello3o@dmoz.org,Non-binary
134,Matilde,Vokins,mvokins3p@opera.com,Male
135,Jimmy,Reddyhoff,jreddyhoff3q@flavors.me,Male
136,Reggie,Edsell,redsell3r@so-net.ne.jp,Male
137,Christos,Lindback,clindback3s@fc2.com,Male
138,Umberto,Samper,usamper3t@answers.com,Male
139,Alick,Drinkhall,adrinkhall3u@amazon.com,Male
140,Penny,Vinick,pvinick3v@sciencedirect.com,Female
141,Marlane,Gabel,mgabel3w@answers.com,Female
142,Dominique,Harmar,dharmar3x@google.cn,Male
143,Bryn,Knappen,bknappen3y@elegantthemes.com,Male
144,Noelani,Kordes,nkordes3z@cafepress.com,Genderqueer
145,Giustina,Enderby,genderby40@theguardian.com,Male
146,Pierette,Shirley,pshirley41@utexas.edu,Bigender
147,Mariellen,Schutte,mschutte42@bizjournals.com,Female
148,Milty,Dohmann,mdohmann43@multiply.com,Male
149,Eddy,Forsard,eforsard44@domainmarket.com,Female
150,Ramsay,Girardez,rgirardez45@thetimes.co.uk,Female
151,Giselle,Rennicks,grennicks46@purevolume.com,Female
152,Chrotoem,McQuade,cmcquade47@sakura.ne.jp,Genderqueer
153,Toddy,Leydon,tleydon48@networksolutions.com,Genderfluid
154,Orbadiah,Sandham,osandham49@smugmug.com,Female
155,Tristan,Yukhnev,tyukhnev4a@e-recht24.de,Polygender
156,Xaviera,Evens,xevens4b@zdnet.com,Genderfluid
157,Wilhelmine,Petkov,wpetkov4c@ameblo.jp,Genderqueer
158,Patrice,Quennell,pquennell4d@techcrunch.com,Female
159,Nichols,Joslyn,njoslyn4e@sciencedaily.com,Female
160,Jillian,Plaice,jplaice4f@1und1.de,Male
161,Libbey,Hurle,lhurle4g@cocolog-nifty.com,Female
162,Luis,Dance,ldance4h@wiley.com,Male
163,Vinnie,Millbank,vmillbank4i@a8.net,Female
164,Artemis,Ellice,aellice4j@angelfire.com,Male
165,Ralph,Sleney,rsleney4k@patch.com,Male
166,Marve,Capper,mcapper4l@merriam-webster.com,Male
167,Ryann,Sergean,rsergean4m@plala.or.jp,Female
168,Lindsey,McManus,lmcmanus4n@opensource.org,Male
169,Chevalier,Gaber,cgaber4o@omniture.com,Male
170,Fonz,Lapwood,flapwood4p@webs.com,Male
171,Ilysa,Cabbell,icabbell4q@wsj.com,Female
172,Mitchael,Koene,mkoene4r@squidoo.com,Male
173,Myriam,Dies,mdies4s@phpbb.com,Male
174,Truda,Sidaway,tsidaway4t@vimeo.com,Bigender
175,Jordain,Birbeck,jbirbeck4u@cbslocal.com,Male
176,Ketti,Kohn,kkohn4v@elpais.com,Male
177,Jeramie,Abercrombie,jabercrombie4w@illinois.edu,Genderqueer
178,Nadiya,Parcells,nparcells4x@samsung.com,Non-binary
179,Nanete,Bethel,nbethel4y@cbslocal.com,Male
180,Lutero,Verbeek,lverbeek4z@uiuc.edu,Female
181,Christine,Plewes,cplewes50@wikipedia.org,Female
182,Norine,Manktelow,nmanktelow51@clickbank.net,Female
183,Nicholle,Ravens,nravens52@fc2.com,Female
184,Cameron,Tumpane,ctumpane53@state.gov,Male
185,Bernie,O'Driscole,bodriscole54@yelp.com,Male
186,Augustus,Hurleston,ahurleston55@ted.com,Male
187,Elwyn,Ferencz,eferencz56@taobao.com,Female
188,Carlotta,Desborough,cdesborough57@fda.gov,Male
189,Becka,Mothersole,bmothersole58@storify.com,Female
190,Jannelle,Denisot,jdenisot59@harvard.edu,Female
191,Annadiana,Arnatt,aarnatt5a@examiner.com,Male
192,Dasya,Kyte,dkyte5b@nih.gov,Male
193,Di,Iiannone,diiannone5c@privacy.gov.au,Male
194,Aurie,Paulsson,apaulsson5d@statcounter.com,Male
195,Kimbra,Oddy,koddy5e@sciencedaily.com,Male
196,Fallon,Breckwell,fbreckwell5f@dmoz.org,Male
197,Cherise,Tort,ctort5g@ihg.com,Female
198,Annabelle,Pearton,apearton5h@quantcast.com,Male
199,Booth,Barbier,bbarbier5i@shutterfly.com,Female
200,Jobie,Lightbown,jlightbown5j@simplemachines.org,Male
201,Agnola,Blewitt,ablewitt5k@w3.org,Female
202,Yul,St. Quintin,ystquintin5l@shinystat.com,Male
203,Rhona,Tidbold,rtidbold5m@istockphoto.com,Female
204,Cecil,Ockwell,cockwell5n@typepad.com,Male
205,Adan,Pohling,apohling5o@telegraph.co.uk,Genderfluid
206,Heath,Pilgrim,hpilgrim5p@china.com.cn,Male
207,Lee,Seavers,lseavers5q@pbs.org,Male
208,Tallulah,Eastwood,teastwood5r@over-blog.com,Male
209,Lorrayne,Stoodley,lstoodley5s@skyrock.com,Male
210,Carol,Mourton,cmourton5t@squarespace.com,Male
211,Loria,Vannoort,lvannoort5u@samsung.com,Female
212,Terrel,de Cullip,tdecullip5v@google.ru,Male
213,Brig,Thacker,bthacker5w@bizjournals.com,Agender
214,Latia,Tosdevin,ltosdevin5x@npr.org,Male
215,Karil,O' Hern,kohern5y@tripod.com,Female
216,Chantal,Bradburn,cbradburn5z@quantcast.com,Male
217,Will,Hovard,whovard60@google.co.jp,Non-binary
218,Ivy,Dimnage,idimnage61@nydailynews.com,Female
219,Janelle,Esley,jesley62@feedburner.com,Male
220,Emili,Toppin,etoppin63@jalbum.net,Female
221,Kristian,Topliss,ktopliss64@nsw.gov.au,Female
222,Kane,McDowell,kmcdowell65@cornell.edu,Male
223,Seamus,Groombridge,sgroombridge66@last.fm,Female
224,Sacha,Rubberts,srubberts67@wiley.com,Male
225,Jonas,McParland,jmcparland68@reference.com,Male
226,Sheilakathryn,Wretham,swretham69@dagondesign.com,Male
227,Elna,Tedstone,etedstone6a@google.nl,Polygender
228,Orelie,Moverley,omoverley6b@wp.com,Male
229,Chiquia,Froom,cfroom6c@mysql.com,Male
230,Dolf,Yeliashev,dyeliashev6d@ucsd.edu,Female
231,Lidia,Littrick,llittrick6e@ask.com,Female
232,Wolf,Cornelleau,wcornelleau6f@skyrock.com,Male
233,Tomlin,Critcher,tcritcher6g@ca.gov,Genderfluid
234,Reinaldo,Clemencon,rclemencon6h@baidu.com,Male
235,Storm,Radbourn,sradbourn6i@dell.com,Male
236,Genevieve,Jude,gjude6j@desdev.cn,Genderfluid
237,Ilysa,Fehner,ifehner6k@hhs.gov,Male
238,Marlene,Wrought,mwrought6l@technorati.com,Polygender
239,Christophorus,Haw,chaw6m@scientificamerican.com,Male
240,Rebecca,Nanninini,rnanninini6n@odnoklassniki.ru,Female
241,Mandie,Kinge,mkinge6o@ibm.com,Male
242,Candy,Brake,cbrake6p@narod.ru,Male
243,Orlando,Fearnyough,ofearnyough6q@va.gov,Genderqueer
244,Dulcea,Madgwick,dmadgwick6r@twitter.com,Male
245,Phylys,Borrel,pborrel6s@reverbnation.com,Male
246,Dix,Augur,daugur6t@google.com.br,Genderfluid
247,Eleni,Danher,edanher6u@npr.org,Female
248,Heida,Swatman,hswatman6v@fema.gov,Male
249,Hale,Greasley,hgreasley6w@cyberchimps.com,Male
250,Ladonna,Targetter,ltargetter6x@squidoo.com,Female
251,Alaric,Stilling,astilling6y@google.ru,Female
252,Hilary,Kenworth,hkenworth6z@va.gov,Male
253,Tracey,Creamer,tcreamer70@fema.gov,Female
254,Adam,Hugonet,ahugonet71@independent.co.uk,Male
255,Waring,Coult,wcoult72@youtu.be,Non-binary
256,Sosanna,Proom,sproom73@hhs.gov,Male
257,Ara,Danilishin,adanilishin74@upenn.edu,Male
258,Anne-marie,Rauprich,arauprich75@g.co,Female
259,Marietta,Boldry,mboldry76@sakura.ne.jp,Male
260,Wilek,Gosneye,wgosneye77@odnoklassniki.ru,Agender
261,Ketti,Errichelli,kerrichelli78@de.vu,Male
262,Beltran,Facer,bfacer79@senate.gov,Female
263,Blakeley,Pollastrone,bpollastrone7a@shinystat.com,Male
264,Abbe,Iffe,aiffe7b@weibo.com,Female
265,Herc,Rosterne,hrosterne7c@mtv.com,Male
266,Dallon,Tire,dtire7d@reuters.com,Male
267,Merilee,Huddle,mhuddle7e@shinystat.com,Female
268,Averil,Saines,asaines7f@furl.net,Male
269,Inglis,Summerlad,isummerlad7g@youtu.be,Genderqueer
270,Leone,Oran,loran7h@cdbaby.com,Female
271,Avigdor,Orteaux,aorteaux7i@i2i.jp,Female
272,Nealon,Worcs,nworcs7j@mapy.cz,Female
273,Farra,Carlos,fcarlos7k@a8.net,Male
274,Andrei,Hallt,ahallt7l@economist.com,Male
275,Rozalin,Bartoszek,rbartoszek7m@virginia.edu,Male
276,Madelle,Proudlove,mproudlove7n@delicious.com,Male
277,Spence,Sagar,ssagar7o@admin.ch,Female
278,Antonia,Curro,acurro7p@discuz.net,Male
279,Ninette,Frantzen,nfrantzen7q@twitpic.com,Male
280,Magdaia,Parsall,mparsall7r@phoca.cz,Male
281,Morlee,Kobieriecki,mkobieriecki7s@ftc.gov,Female
282,Randie,Allbrook,rallbrook7t@apache.org,Female
283,Ev,Ivons,eivons7u@huffingtonpost.com,Female
284,Dominique,Endrighi,dendrighi7v@livejournal.com,Female
285,Frayda,Hostan,fhostan7w@skype.com,Female
286,Tarah,Josowitz,tjosowitz7x@pagesperso-orange.fr,Male
287,Tam,Terrelly,tterrelly7y@blogger.com,Female
288,Mildrid,Hulcoop,mhulcoop7z@jalbum.net,Female
289,Cece,Bitcheno,cbitcheno80@infoseek.co.jp,Male
290,Lura,Neising,lneising81@phpbb.com,Female
291,Bonnibelle,Hollow,bhollow82@miitbeian.gov.cn,Male
292,Jan,Bikker,jbikker83@home.pl,Male
293,Erny,Mercey,emercey84@comsenz.com,Female
294,Dex,Wenderott,dwenderott85@acquirethisname.com,Male
295,Gasper,Bambery,gbambery86@friendfeed.com,Male
296,Paulita,Siss,psiss87@mac.com,Male
297,Marian,Saintpierre,msaintpierre88@lulu.com,Male
298,Leonidas,Merrington,lmerrington89@bravesites.com,Male
299,Wally,Beentjes,wbeentjes8a@bing.com,Male
300,Byron,Gaukroger,bgaukroger8b@ucoz.ru,Male
301,Amata,MacShirie,amacshirie8c@telegraph.co.uk,Male
302,Sibella,Horley,shorley8d@technorati.com,Female
303,Robinet,Danher,rdanher8e@wordpress.org,Female
304,Maxim,Jertz,mjertz8f@shareasale.com,Female
305,Almeda,Twatt,atwatt8g@pagesperso-orange.fr,Male
306,Karrie,Mulholland,kmulholland8h@51.la,Female
307,Dev,Chaloner,dchaloner8i@blogs.com,Male
308,Aleece,Lakenden,alakenden8j@cnet.com,Male
309,Sybille,Heugle,sheugle8k@opera.com,Male
310,Henrietta,Rahlof,hrahlof8l@cam.ac.uk,Non-binary
311,Elnar,Atthow,eatthow8m@last.fm,Bigender
312,Fairfax,Ivanaev,fivanaev8n@accuweather.com,Female
313,Juana,Dumbelton,jdumbelton8o@sun.com,Female
314,Lyssa,Greatbach,lgreatbach8p@acquirethisname.com,Female
315,Erick,Bowen,ebowen8q@cafepress.com,Male
316,Alfred,Scourge,ascourge8r@tamu.edu,Female
317,Teddie,Sibery,tsibery8s@netscape.com,Male
318,Danya,Tremellier,dtremellier8t@networksolutions.com,Female
319,Elladine,McGuinley,emcguinley8u@wordpress.org,Male
320,Cointon,Bliss,cbliss8v@independent.co.uk,Male
321,Mei,Balam,mbalam8w@nationalgeographic.com,Female
322,Shelly,Ovize,sovize8x@prweb.com,Male
323,Guinna,Kendell,gkendell8y@nydailynews.com,Male
324,Carolann,Shand,cshand8z@sitemeter.com,Male
325,Tadeas,Kyncl,tkyncl90@aboutads.info,Female
326,Idaline,Torresi,itorresi91@naver.com,Genderqueer
327,Dag,Denisot,ddenisot92@gravatar.com,Male
328,Norrie,Duckels,nduckels93@purevolume.com,Female
329,Sig,Blincowe,sblincowe94@gravatar.com,Male
330,Allene,Cogdon,acogdon95@psu.edu,Female
331,Valery,Puxley,vpuxley96@weibo.com,Genderqueer
332,Traver,Newbury,tnewbury97@netlog.com,Male
333,Zerk,Defraine,zdefraine98@delicious.com,Male
334,Frasco,Scholl,fscholl99@w3.org,Female
335,Rolland,Bargery,rbargery9a@mozilla.org,Male
336,Annelise,Bridgman,abridgman9b@forbes.com,Male
337,Norine,Ellum,nellum9c@moonfruit.com,Male
338,Amara,Ezzle,aezzle9d@google.co.uk,Male
339,Manya,Beames,mbeames9e@aboutads.info,Male
340,Trumaine,Rickett,trickett9f@epa.gov,Female
341,Erich,Ferraron,eferraron9g@ezinearticles.com,Male
342,Carlin,Proven,cproven9h@eepurl.com,Female
343,Irwinn,Young,iyoung9i@nydailynews.com,Male
344,Christiana,Beseke,cbeseke9j@msu.edu,Male
345,Bryn,Layhe,blayhe9k@intel.com,Female
346,Rodrique,Curedell,rcuredell9l@t.co,Male
347,Thoma,Caldwall,tcaldwall9m@paypal.com,Female
348,Tabbitha,Stonnell,tstonnell9n@chronoengine.com,Polygender
349,Viviene,Huyton,vhuyton9o@paginegialle.it,Female
350,Tildi,Cordet,tcordet9p@netlog.com,Female
351,Amber,Edgeler,aedgeler9q@netlog.com,Female
352,Cortney,Baldam,cbaldam9r@ovh.net,Female
353,Sandy,Greaterex,sgreaterex9s@dagondesign.com,Male
354,Orin,Dowderswell,odowderswell9t@pen.io,Female
355,Kerianne,Eagleton,keagleton9u@state.gov,Polygender
356,Corena,Mikalski,cmikalski9v@berkeley.edu,Female
357,Niccolo,Simmon,nsimmon9w@statcounter.com,Female
358,Oren,Piddle,opiddle9x@phpbb.com,Female
359,Fransisco,Chiles,fchiles9y@ocn.ne.jp,Polygender
360,Jeannette,Tran,jtran9z@aol.com,Male
361,Averil,Alner,aalnera0@apple.com,Male
362,Tammara,Janusz,tjanusza1@creativecommons.org,Female
363,Roxi,Carnalan,rcarnalana2@samsung.com,Male
364,Camile,Vosse,cvossea3@themeforest.net,Female
365,Stanleigh,Readhead,sreadheada4@soundcloud.com,Female
366,Evelina,Mattiello,emattielloa5@ycombinator.com,Female
367,Cynthy,Pincked,cpinckeda6@discovery.com,Male
368,Trenna,Doud,tdouda7@edublogs.org,Female
369,Brinna,Rupp,bruppa8@unesco.org,Male
370,Westleigh,Delamar,wdelamara9@kickstarter.com,Female
371,Conrado,Fipp,cfippaa@businesswire.com,Female
372,Hetti,Rothermel,hrothermelab@topsy.com,Male
373,Charlotta,Wheowall,cwheowallac@mtv.com,Male
374,Nero,Kinleyside,nkinleysidead@ucoz.com,Female
375,Keriann,Spancock,kspancockae@earthlink.net,Male
376,Coop,Bothbie,cbothbieaf@nba.com,Male
377,Rance,Rammell,rrammellag@weebly.com,Female
378,Chickie,Bertl,cbertlah@nature.com,Female
379,Kenneth,Schwandermann,kschwandermannai@sohu.com,Female
380,Marney,Fitchen,mfitchenaj@joomla.org,Male
381,Chadwick,Milington,cmilingtonak@flickr.com,Female
382,Donelle,Vashchenko,dvashchenkoal@abc.net.au,Female
383,Benedicta,Haddacks,bhaddacksam@howstuffworks.com,Female
384,Patin,Kimbrough,pkimbroughan@purevolume.com,Male
385,Aliza,Tomson,atomsonao@tuttocitta.it,Male
386,Clarine,Parkin,cparkinap@ustream.tv,Female
387,Renaud,Vagg,rvaggaq@house.gov,Female
388,Cornell,Lincey,clinceyar@va.gov,Female
389,Aluino,Swinfon,aswinfonas@arstechnica.com,Male
390,Bernadine,Vayro,bvayroat@fc2.com,Male
391,Suzette,Heister,sheisterau@behance.net,Female
392,Sigfrid,Klyn,sklynav@discuz.net,Female
393,Huey,Wateridge,hwateridgeaw@livejournal.com,Female
394,Minerva,Mourgue,mmourgueax@hc360.com,Male
395,Eula,Bettesworth,ebettesworthay@bravesites.com,Female
396,Deirdre,Mapledoram,dmapledoramaz@wunderground.com,Male
397,Claudianus,Fretwell,cfretwellb0@cam.ac.uk,Male
398,Tana,Khotler,tkhotlerb1@google.ru,Male
399,Farleigh,Creek,fcreekb2@ebay.co.uk,Female
400,Claire,Jakoubec,cjakoubecb3@pagesperso-orange.fr,Female
401,Waldon,Leeburn,wleeburnb4@163.com,Female
402,Evonne,Loton,elotonb5@jiathis.com,Female
403,Waylin,Hazeldene,whazeldeneb6@blinklist.com,Male
404,Neila,Zamboniari,nzamboniarib7@unc.edu,Female
405,Ellery,Vedyasov,evedyasovb8@parallels.com,Bigender
406,Hadleigh,Crole,hcroleb9@angelfire.com,Male
407,Gaelan,Desorts,gdesortsba@jiathis.com,Female
408,Lurlene,Belcham,lbelchambb@harvard.edu,Male
409,Giuditta,Haythorn,ghaythornbc@canalblog.com,Male
410,Giulietta,Creigan,gcreiganbd@de.vu,Male
411,Cordie,Blowen,cblowenbe@wikia.com,Male
412,Lonnard,Cowthard,lcowthardbf@blogspot.com,Female
413,Winifred,Pellamonuten,wpellamonutenbg@lulu.com,Male
414,Timmie,Bulman,tbulmanbh@engadget.com,Female
415,Andrus,Lis,alisbi@nature.com,Female
416,Nana,Czapla,nczaplabj@vinaora.com,Female
417,Witty,Macci,wmaccibk@stanford.edu,Female
418,Grange,Burchill,gburchillbl@cnbc.com,Male
419,Laurens,Fielding,lfieldingbm@cbsnews.com,Female
420,Rosemarie,Willishire,rwillishirebn@delicious.com,Female
421,Lu,Serchwell,lserchwellbo@about.com,Male
422,Calypso,Stiebler,cstieblerbp@infoseek.co.jp,Male
423,Emelyne,Stockbridge,estockbridgebq@nasa.gov,Male
424,Addi,Bilbrook,abilbrookbr@elegantthemes.com,Female
425,Gawain,Gaukrodge,ggaukrodgebs@umich.edu,Male
426,Omar,Purkis,opurkisbt@admin.ch,Female
427,Clare,Such,csuchbu@1688.com,Male
428,Fee,Parvin,fparvinbv@home.pl,Female
429,Cointon,Waitland,cwaitlandbw@loc.gov,Female
430,Pat,Gabby,pgabbybx@hhs.gov,Male
431,Currey,Crockford,ccrockfordby@freewebs.com,Male
432,Doralynn,Screeton,dscreetonbz@kickstarter.com,Male
433,Randolf,Hagard,rhagardc0@over-blog.com,Female
434,Lion,Novic,lnovicc1@studiopress.com,Female
435,Aubrie,Drains,adrainsc2@timesonline.co.uk,Male
436,Ruthie,Zukierman,rzukiermanc3@earthlink.net,Polygender
437,Cesaro,Dauncey,cdaunceyc4@artisteer.com,Male
438,Morry,Cahani,mcahanic5@census.gov,Female
439,Rodrigo,Roselli,rrosellic6@sourceforge.net,Female
440,Odelia,Corbett,ocorbettc7@mapy.cz,Male
441,Quint,Mincher,qmincherc8@earthlink.net,Female
442,Eliot,Puvia,epuviac9@si.edu,Female
443,Kory,Wanley,kwanleyca@jimdo.com,Non-binary
444,Emilee,Linebarger,elinebargercb@symantec.com,Female
445,Lexis,Kann,lkanncc@chronoengine.com,Female
446,Millard,Truran,mtrurancd@liveinternet.ru,Female
447,Daniel,Brisson,dbrissonce@4shared.com,Genderqueer
448,Jehanna,McConnal,jmcconnalcf@google.com,Female
449,Correy,Clavering,cclaveringcg@arizona.edu,Male
450,Clemmy,Esslement,cesslementch@huffingtonpost.com,Male
451,Virge,Skirling,vskirlingci@stanford.edu,Male
452,Any,Domnin,adomnincj@tumblr.com,Male
453,Ingram,Staddon,istaddonck@yahoo.com,Female
454,Igor,Beeken,ibeekencl@bloglovin.com,Male
455,Rivy,Cranshaw,rcranshawcm@woothemes.com,Male
456,Brander,Matuszinski,bmatuszinskicn@vkontakte.ru,Male
457,Grace,Dyhouse,gdyhouseco@who.int,Bigender
458,Even,Lilly,elillycp@fda.gov,Agender
459,Velvet,Hrinishin,vhrinishincq@cbc.ca,Male
460,Thedric,Eyckelbeck,teyckelbeckcr@mac.com,Agender
461,Jolyn,Batcock,jbatcockcs@tinypic.com,Male
462,Valene,Bendixen,vbendixenct@amazon.de,Bigender
463,Berti,Zarfati,bzarfaticu@dyndns.org,Female
464,Drucie,Hakes,dhakescv@uiuc.edu,Male
465,Kahlil,Brind,kbrindcw@craigslist.org,Male
466,Reine,Slyde,rslydecx@cnbc.com,Female
467,Lida,McNutt,lmcnuttcy@cpanel.net,Female
468,Rebbecca,Kach,rkachcz@yale.edu,Male
469,Cathryn,Bagwell,cbagwelld0@cnn.com,Female
470,Marcela,Maciunas,mmaciunasd1@symantec.com,Genderqueer
471,Keri,Abrahart,kabrahartd2@bing.com,Male
472,Rhodie,Bosdet,rbosdetd3@merriam-webster.com,Non-binary
473,Halie,McDonand,hmcdonandd4@mlb.com,Female
474,Daphna,Renton,drentond5@patch.com,Male
475,Kelley,Roddick,kroddickd6@walmart.com,Female
476,Cedric,Howels,chowelsd7@baidu.com,Male
477,Danny,Pitman,dpitmand8@miibeian.gov.cn,Female
478,Rubina,Hanhard,rhanhardd9@nature.com,Male
479,Berni,Jaxon,bjaxonda@unesco.org,Male
480,Christoffer,Guirardin,cguirardindb@people.com.cn,Female
481,Burgess,Clyne,bclynedc@hp.com,Male
482,Terrye,Riccard,triccarddd@berkeley.edu,Agender
483,Kahlil,Ollerenshaw,kollerenshawde@mit.edu,Female
484,Esra,Gush,egushdf@csmonitor.com,Male
485,Cornell,Wicklin,cwicklindg@surveymonkey.com,Female
486,Helene,Bubbear,hbubbeardh@amazon.co.uk,Male
487,Alvin,Abate,aabatedi@omniture.com,Male
488,Krissie,Fairholme,kfairholmedj@blogtalkradio.com,Male
489,Kippie,Fishlock,kfishlockdk@boston.com,Male
490,Gladi,Crigin,gcrigindl@alibaba.com,Female
491,Amabel,Pohling,apohlingdm@youtube.com,Female
492,Dorey,Fernandez,dfernandezdn@xinhuanet.com,Male
493,Etti,Giovanitti,egiovanittido@technorati.com,Male
494,Marylin,Hiom,mhiomdp@sakura.ne.jp,Genderqueer
495,Reuben,Duester,rduesterdq@bigcartel.com,Male
496,Leesa,Issitt,lissittdr@geocities.jp,Female
497,Alli,Hallut,ahallutds@usa.gov,Male
498,Brena,Sterry,bsterrydt@clickbank.net,Male
499,Rudolph,Mapplebeck,rmapplebeckdu@weebly.com,Polygender
500,Cordell,Burchnall,cburchnalldv@xrea.com,Genderqueer
501,Gage,Eady,geadydw@mozilla.com,Male
502,Glenine,McQuaker,gmcquakerdx@dagondesign.com,Male
503,Douglass,Infantino,dinfantinody@uol.com.br,Non-binary
504,Teresa,Kiehne,tkiehnedz@yandex.ru,Bigender
505,Emmett,Litherland,elitherlande0@mashable.com,Female
506,Bobinette,Spottiswoode,bspottiswoodee1@shinystat.com,Male
507,Tim,Ramsbotham,tramsbothame2@twitter.com,Male
508,Datha,Mincher,dminchere3@hatena.ne.jp,Female
509,Trude,Emtage,temtagee4@webnode.com,Non-binary
510,Lawry,Beal,lbeale5@networksolutions.com,Female
511,Perice,Ellwood,pellwoode6@com.com,Female
512,Risa,de Castelain,rdecastelaine7@unicef.org,Female
513,Mabel,Sandeford,msandeforde8@edublogs.org,Male
514,Pammy,Frenzel;,pfrenzele9@hubpages.com,Female
515,Blayne,Roundtree,broundtreeea@istockphoto.com,Female
516,Cy,Arlt,carlteb@yelp.com,Male
517,Donni,O'Fielly,dofiellyec@aol.com,Male
518,Lea,Hensmans,lhensmansed@icq.com,Male
519,Cirilo,Saddleton,csaddletonee@php.net,Female
520,Kearney,Kinton,kkintonef@facebook.com,Female
521,Margo,Scala,mscalaeg@sciencedaily.com,Female
522,Bearnard,Gilcriest,bgilcriesteh@chron.com,Male
523,Vachel,Tomkinson,vtomkinsonei@reference.com,Male
524,Con,Lunny,clunnyej@google.co.jp,Female
525,Isacco,Borges,iborgesek@dagondesign.com,Female
526,Udell,Walter,uwalterel@soup.io,Female
527,Rahal,Berkelay,rberkelayem@so-net.ne.jp,Male
528,Ignazio,Crunkhurn,icrunkhurnen@cnn.com,Male
529,Hillel,Bonick,hbonickeo@360.cn,Female
530,El,Cornilli,ecornilliep@amazon.co.jp,Male
531,Al,Davydoch,adavydocheq@bizjournals.com,Male
532,Purcell,Posvner,pposvnerer@newyorker.com,Female
533,Lissi,Silmon,lsilmones@senate.gov,Female
534,Dorotea,Penna,dpennaet@cam.ac.uk,Male
535,Chrisse,Baden,cbadeneu@seesaa.net,Female
536,Ole,Blindmann,oblindmannev@aboutads.info,Male
537,Geri,Orchard,gorchardew@apache.org,Female
538,Wallas,De Moreno,wdemorenoex@1und1.de,Male
539,Torry,Pughsley,tpughsleyey@digg.com,Male
540,Anitra,McClelland,amcclellandez@histats.com,Female
541,Barron,Maylard,bmaylardf0@nature.com,Male
542,Cindy,Scrimshire,cscrimshiref1@sfgate.com,Male
543,Mil,Matisoff,mmatisofff2@yahoo.com,Male
544,Carleen,Dickins,cdickinsf3@engadget.com,Female
545,Berkly,Vertigan,bvertiganf4@time.com,Non-binary
546,Thorpe,De Bischop,tdebischopf5@clickbank.net,Female
547,Douglas,McBrearty,dmcbreartyf6@answers.com,Female
548,Helene,Alexsandrov,halexsandrovf7@360.cn,Female
549,Patsy,Stronack,pstronackf8@domainmarket.com,Female
550,Barbee,Duffitt,bduffittf9@kickstarter.com,Female
551,Lorrie,Dowtry,ldowtryfa@arizona.edu,Female
552,Jeffrey,Wackett,jwackettfb@google.cn,Female
553,Aland,Signore,asignorefc@amazon.co.jp,Female
554,Allys,Argente,aargentefd@admin.ch,Female
555,Maria,Rickard,mrickardfe@economist.com,Female
556,Bert,Fagg,bfaggff@geocities.jp,Female
557,Lester,Lathaye,llathayefg@nhs.uk,Female
558,Beniamino,Bonnet,bbonnetfh@mlb.com,Female
559,Ave,Sisley,asisleyfi@nps.gov,Male
560,Fairleigh,Bubear,fbubearfj@dailymotion.com,Female
561,Gwendolin,Gabbotts,ggabbottsfk@webnode.com,Female
562,Lisette,Barlace,lbarlacefl@webs.com,Female
563,Stacee,Sharplin,ssharplinfm@shinystat.com,Female
564,Charlene,Berard,cberardfn@163.com,Female
565,Derrik,Lamonby,dlamonbyfo@odnoklassniki.ru,Female
566,Obed,Rosenwald,orosenwaldfp@cisco.com,Male
567,Haslett,Cornewall,hcornewallfq@wikipedia.org,Male
568,Lilly,Hallen,lhallenfr@feedburner.com,Male
569,Gertrude,Stitcher,gstitcherfs@discuz.net,Male
570,Curcio,Bermingham,cberminghamft@ebay.co.uk,Female
571,Pearline,Pearl,ppearlfu@noaa.gov,Male
572,Vin,O'Beirne,vobeirnefv@geocities.com,Male
573,Tillie,Rozec,trozecfw@washington.edu,Non-binary
574,Gavin,Burleigh,gburleighfx@usgs.gov,Female
575,Rogers,Mustoe,rmustoefy@webmd.com,Female
576,Fonz,Molohan,fmolohanfz@blogs.com,Male
577,Orson,McGeachie,omcgeachieg0@joomla.org,Male
578,Dodie,Kalinovich,dkalinovichg1@vistaprint.com,Female
579,Koressa,Wonter,kwonterg2@elpais.com,Female
580,Kile,Dash,kdashg3@statcounter.com,Female
581,Yank,Jannex,yjannexg4@marketwatch.com,Female
582,Louisa,Terbrugge,lterbruggeg5@de.vu,Genderqueer
583,Adaline,Pledger,apledgerg6@arstechnica.com,Male
584,Reynard,Warrack,rwarrackg7@noaa.gov,Male
585,Sadie,Stoddart,sstoddartg8@sbwire.com,Male
586,Hermione,Dewicke,hdewickeg9@berkeley.edu,Male
587,Quintilla,Lillywhite,qlillywhitega@i2i.jp,Male
588,Lesley,Brampton,lbramptongb@linkedin.com,Male
589,Ealasaid,Rangall,erangallgc@bravesites.com,Female
590,Tucky,Waything,twaythinggd@ucsd.edu,Female
591,Ursa,Devereux,udevereuxge@zimbio.com,Male
592,Karilynn,Spybey,kspybeygf@scribd.com,Male
593,Frieda,Gatherer,fgatherergg@com.com,Female
594,Deonne,Munning,dmunninggh@yellowbook.com,Female
595,Pen,Dibbs,pdibbsgi@goodreads.com,Female
596,Hatti,Werndly,hwerndlygj@japanpost.jp,Male
597,Dulci,Siward,dsiwardgk@sourceforge.net,Male
598,Xavier,Haythornthwaite,xhaythornthwaitegl@techcrunch.com,Male
599,Amitie,Bram,abramgm@arstechnica.com,Female
600,Berky,Witheford,bwithefordgn@digg.com,Female
601,Meghan,Netherwood,mnetherwoodgo@wufoo.com,Polygender
602,Lanita,Atwell,latwellgp@boston.com,Male
603,Elora,Burman,eburmangq@sohu.com,Male
604,Chryste,Cleverley,ccleverleygr@vkontakte.ru,Female
605,Marilee,Crookshank,mcrookshankgs@eepurl.com,Male
606,Gertrude,McMychem,gmcmychemgt@sakura.ne.jp,Female
607,Terrell,Hourigan,thourigangu@techcrunch.com,Female
608,Orson,Matheson,omathesongv@upenn.edu,Female
609,Rory,Erangy,rerangygw@patch.com,Female
610,Antonietta,Hadingham,ahadinghamgx@cbc.ca,Bigender
611,Ogdan,Moyers,omoyersgy@japanpost.jp,Genderfluid
612,Madonna,Wickrath,mwickrathgz@upenn.edu,Female
613,Alfy,Langston,alangstonh0@usda.gov,Male
614,Siusan,McCoveney,smccoveneyh1@dropbox.com,Female
615,Micaela,O' Reagan,moreaganh2@vk.com,Male
616,Kare,Radsdale,kradsdaleh3@reference.com,Female
617,Gregorio,MacKissack,gmackissackh4@blinklist.com,Male
618,Rosalind,Halbeard,rhalbeardh5@csmonitor.com,Genderqueer
619,Arvie,Marmyon,amarmyonh6@cnet.com,Male
620,Ive,Endrici,iendricih7@japanpost.jp,Female
621,Ana,Lenglet,alengleth8@ucoz.com,Genderqueer
622,Cyril,Stagg,cstaggh9@pagesperso-orange.fr,Male
623,Kailey,Allsup,kallsupha@cisco.com,Male
624,Keen,Thibodeaux,kthibodeauxhb@epa.gov,Female
625,Kevan,Capper,kcapperhc@t.co,Female
626,Gearalt,Bilbery,gbilberyhd@chronoengine.com,Male
627,Chalmers,Percy,cpercyhe@typepad.com,Male
628,Katee,Aguirrezabal,kaguirrezabalhf@sohu.com,Female
629,Eunice,Bissex,ebissexhg@whitehouse.gov,Male
630,Evered,Castles,ecastleshh@usda.gov,Male
631,Sophia,Widdall,swiddallhi@shop-pro.jp,Female
632,Kipp,Stubbley,kstubbleyhj@moonfruit.com,Female
633,Dill,Formoy,dformoyhk@mozilla.com,Female
634,Chilton,Clarkin,cclarkinhl@imageshack.us,Non-binary
635,Alley,McNeilley,amcneilleyhm@arstechnica.com,Genderfluid
636,Radcliffe,Blais,rblaishn@nba.com,Female
637,Harold,Klulisek,hklulisekho@harvard.edu,Female
638,Rivi,Smitten,rsmittenhp@mashable.com,Female
639,Algernon,Jewer,ajewerhq@rediff.com,Female
640,Jacinta,Gravell,jgravellhr@vimeo.com,Female
641,Sada,Ayres,sayreshs@dot.gov,Female
642,Rosemary,Kendal,rkendalht@flavors.me,Female
643,Caz,Rekes,crekeshu@theglobeandmail.com,Male
644,Rooney,Izhakov,rizhakovhv@icio.us,Female
645,Barny,Kernermann,bkernermannhw@zimbio.com,Female
646,Charyl,Kingscote,ckingscotehx@tiny.cc,Female
647,Frederigo,Burrus,fburrushy@oaic.gov.au,Female
648,Eadmund,Malyon,emalyonhz@imgur.com,Female
649,Gilligan,Reddings,greddingsi0@alibaba.com,Female
650,George,MacEllen,gmacelleni1@theguardian.com,Male
651,Sib,Walkingshaw,swalkingshawi2@mashable.com,Female
652,Anastasie,Ramage,aramagei3@exblog.jp,Polygender
653,Byrom,Adrianello,badrianelloi4@163.com,Female
654,Garv,Gillimgham,ggillimghami5@usgs.gov,Male
655,Alberta,Canet,acaneti6@biblegateway.com,Male
656,Holly,Frise,hfrisei7@techcrunch.com,Female
657,Raina,Henstone,rhenstonei8@businessweek.com,Female
658,Arlette,Karet,akareti9@github.com,Female
659,Lon,Eagleston,leaglestonia@moonfruit.com,Agender
660,Si,MacCague,smaccagueib@vkontakte.ru,Female
661,Liva,Cotta,lcottaic@delicious.com,Male
662,Lalo,Huncoot,lhuncootid@hc360.com,Male
663,Willi,Blanckley,wblanckleyie@merriam-webster.com,Male
664,Janifer,Calton,jcaltonif@utexas.edu,Female
665,Bartlet,Corley,bcorleyig@cbsnews.com,Male
666,Alvan,Riccelli,ariccelliih@biblegateway.com,Male
667,Tommie,Strike,tstrikeii@comcast.net,Non-binary
668,Rosanne,Rhubottom,rrhubottomij@purevolume.com,Female
669,Eydie,Bernocchi,ebernocchiik@mashable.com,Female
670,Alfonso,Unstead,aunsteadil@thetimes.co.uk,Male
671,Sasha,Frostdick,sfrostdickim@google.nl,Male
672,Mace,Marzellano,mmarzellanoin@reference.com,Male
673,Malchy,Union,munionio@instagram.com,Female
674,Manuel,Copping,mcoppingip@networkadvertising.org,Male
675,Fin,Shillabear,fshillabeariq@aboutads.info,Non-binary
676,Stacee,Yetton,syettonir@youku.com,Female
677,Jackson,Macguire,jmacguireis@mtv.com,Non-binary
678,Mellie,Diggin,mdigginit@ifeng.com,Polygender
679,Karita,Dibble,kdibbleiu@telegraph.co.uk,Female
680,Archibaldo,Girardy,agirardyiv@toplist.cz,Male
681,Dave,Sheasby,dsheasbyiw@utexas.edu,Female
682,Silvia,Mapowder,smapowderix@liveinternet.ru,Male
683,Phoebe,Duran,pduraniy@zimbio.com,Male
684,Shannon,Bowater,sbowateriz@nbcnews.com,Male
685,Mickie,Cool,mcoolj0@forbes.com,Female
686,Sacha,Janczyk,sjanczykj1@yelp.com,Female
687,Eunice,Lambole,elambolej2@archive.org,Agender
688,Querida,Plum,qplumj3@yahoo.com,Male
689,Sandy,Yeoman,syeomanj4@php.net,Female
690,Beulah,Pasterfield,bpasterfieldj5@google.es,Female
691,Fannie,Worwood,fworwoodj6@google.it,Female
692,Chrisse,Custed,ccustedj7@joomla.org,Female
693,Estelle,Waterhowse,ewaterhowsej8@moonfruit.com,Non-binary
694,Blondie,Birk,bbirkj9@t.co,Male
695,Ulric,Stanislaw,ustanislawja@naver.com,Male
696,Heriberto,Brushfield,hbrushfieldjb@ed.gov,Female
697,Courtnay,Ridgers,cridgersjc@mozilla.com,Female
698,Eddie,Gowanson,egowansonjd@umn.edu,Female
699,Hyman,Muino,hmuinoje@mapquest.com,Female
700,Regen,Usborn,rusbornjf@nih.gov,Female
701,Lizzie,Skeldinge,lskeldingejg@51.la,Male
702,Cindra,Flude,cfludejh@soundcloud.com,Female
703,Romeo,Heeks,rheeksji@tuttocitta.it,Agender
704,Terra,Crowden,tcrowdenjj@illinois.edu,Female
705,Quintilla,Mauditt,qmaudittjk@pbs.org,Female
706,Conroy,Krimmer,ckrimmerjl@webeden.co.uk,Male
707,Jaymee,Cory,jcoryjm@cbc.ca,Male
708,Jodee,Mulqueen,jmulqueenjn@cbsnews.com,Male
709,Arte,Feuell,afeuelljo@europa.eu,Female
710,Angelo,Dawby,adawbyjp@google.com.br,Male
711,L;urette,Bagshaw,lbagshawjq@foxnews.com,Female
712,Emmey,Gunderson,egundersonjr@shop-pro.jp,Female
713,Jonie,Amner,jamnerjs@cyberchimps.com,Female
714,Marieann,Grinishin,mgrinishinjt@dell.com,Male
715,Halette,Bambrick,hbambrickju@walmart.com,Female
716,Billie,Sworne,bswornejv@people.com.cn,Male
717,Romy,Balfour,rbalfourjw@oaic.gov.au,Female
718,Inglis,Woodwind,iwoodwindjx@wisc.edu,Female
719,Lena,Halliberton,lhallibertonjy@ihg.com,Genderfluid
720,Huntlee,Iacavone,hiacavonejz@naver.com,Non-binary
721,Vivianna,Turone,vturonek0@google.com.hk,Female
722,Cosetta,Bannester,cbannesterk1@drupal.org,Male
723,Hilary,Greir,hgreirk2@theatlantic.com,Female
724,Judith,Snalum,jsnalumk3@ucsd.edu,Male
725,Sanford,Moncreiffe,smoncreiffek4@webeden.co.uk,Female
726,Lisa,Bryde,lbrydek5@barnesandnoble.com,Male
727,Susy,Castelin,scastelink6@tuttocitta.it,Genderqueer
728,Pavel,Doale,pdoalek7@list-manage.com,Female
729,Heall,Dawdary,hdawdaryk8@uol.com.br,Female
730,Morganica,Maplethorp,mmaplethorpk9@homestead.com,Female
731,Velvet,Meeron,vmeeronka@nsw.gov.au,Female
732,Tamas,Cromleholme,tcromleholmekb@jimdo.com,Female
733,Sheppard,Opie,sopiekc@intel.com,Female
734,Levon,Kelsey,lkelseykd@discuz.net,Female
735,George,Lanfranconi,glanfranconike@npr.org,Female
736,Blair,Algeo,balgeokf@uiuc.edu,Female
737,Lazaro,Gorghetto,lgorghettokg@wordpress.org,Male
738,Rafael,Klimkiewich,rklimkiewichkh@wikimedia.org,Female
739,Hurley,Brackpool,hbrackpoolki@nydailynews.com,Male
740,Normand,Locksley,nlocksleykj@pagesperso-orange.fr,Female
741,Conny,Coomer,ccoomerkk@twitpic.com,Female
742,Bernard,Chattock,bchattockkl@quantcast.com,Female
743,Lawry,Dullard,ldullardkm@fastcompany.com,Female
744,Dorrie,Smeall,dsmeallkn@google.es,Male
745,Farlay,Chenery,fcheneryko@noaa.gov,Male
746,Kevon,Gencke,kgenckekp@hugedomains.com,Female
747,Charil,Dyter,cdyterkq@ftc.gov,Female
748,Sayre,McCormick,smccormickkr@storify.com,Female
749,Duncan,Monteaux,dmonteauxks@google.pl,Female
750,Mickie,Cragg,mcraggkt@howstuffworks.com,Male
751,Avery,Shale,ashaleku@usgs.gov,Female
752,Batsheva,Debrick,bdebrickkv@loc.gov,Non-binary
753,Ave,Cody,acodykw@uol.com.br,Female
754,Salomo,Visick,svisickkx@ihg.com,Male
755,Loreen,Antonik,lantonikky@latimes.com,Female
756,Fay,Josefsson,fjosefssonkz@vk.com,Female
757,Sabina,Kleinlerer,skleinlererl0@buzzfeed.com,Male
758,Ivett,Davy,idavyl1@who.int,Polygender
759,Tommy,Truscott,ttruscottl2@icq.com,Female
760,Jeromy,Hincks,jhincksl3@nifty.com,Female
761,Halimeda,Jeffryes,hjeffryesl4@tinypic.com,Male
762,Algernon,Pinkstone,apinkstonel5@engadget.com,Agender
763,Benoit,Worster,bworsterl6@surveymonkey.com,Female
764,Sig,Cranstoun,scranstounl7@nps.gov,Female
765,Kelli,Lamperti,klampertil8@pinterest.com,Male
766,Darci,Suermeiers,dsuermeiersl9@salon.com,Female
767,Tiffany,Patry,tpatryla@zimbio.com,Female
768,Lacie,Suter,lsuterlb@unesco.org,Female
769,Jdavie,Lasham,jlashamlc@un.org,Male
770,Weider,Pesak,wpesakld@cbc.ca,Male
771,Edmon,Seavers,eseaversle@addthis.com,Bigender
772,Aldridge,Groundwator,agroundwatorlf@dedecms.com,Genderfluid
773,Ilyssa,Blondell,iblondelllg@archive.org,Female
774,Park,Treby,ptrebylh@sciencedaily.com,Male
775,Lissy,Farlane,lfarlaneli@bing.com,Genderqueer
776,Chaunce,Haslin,chaslinlj@wikia.com,Male
777,Myrilla,Cairney,mcairneylk@mail.ru,Female
778,Monro,Hoodlass,mhoodlassll@irs.gov,Male
779,Arlena,Ratie,aratielm@ebay.co.uk,Female
780,Hillery,Dodson,hdodsonln@privacy.gov.au,Male
781,Thornton,Loads,tloadslo@canalblog.com,Female
782,Oralie,Meininking,omeininkinglp@devhub.com,Female
783,Brandise,Normadell,bnormadelllq@plala.or.jp,Female
784,Bryana,Furber,bfurberlr@studiopress.com,Female
785,Flossi,Kearton,fkeartonls@ted.com,Female
786,Hilde,Gwilt,hgwiltlt@google.cn,Male
787,Jammal,Bairstow,jbairstowlu@cbc.ca,Male
788,Mariejeanne,Skeels,mskeelslv@mysql.com,Female
789,Cody,Thaine,cthainelw@booking.com,Female
790,Sherwynd,Duferie,sduferielx@free.fr,Male
791,Mycah,Washtell,mwashtellly@marriott.com,Female
792,Boigie,Sacaze,bsacazelz@mashable.com,Male
793,Shane,Cellone,scellonem0@quantcast.com,Genderfluid
794,Enid,Keith,ekeithm1@cbsnews.com,Female
795,Corrianne,Barca,cbarcam2@stanford.edu,Male
796,Tandy,Govett,tgovettm3@youtube.com,Male
797,Amalita,Hartley,ahartleym4@house.gov,Agender
798,Courtnay,Carrack,ccarrackm5@hhs.gov,Male
799,Greer,Liddyard,gliddyardm6@buzzfeed.com,Agender
800,Lazarus,Newport,lnewportm7@ox.ac.uk,Male
801,Demetris,Dufall,ddufallm8@smh.com.au,Non-binary
802,Jeremie,Hickeringill,jhickeringillm9@zdnet.com,Female
803,Lyndsay,Aistrop,laistropma@japanpost.jp,Female
804,Briggs,Driver,bdrivermb@livejournal.com,Male
805,Gray,Stobbes,gstobbesmc@linkedin.com,Female
806,Corny,Burburough,cburburoughmd@sakura.ne.jp,Polygender
807,Maurie,Saltern,msalternme@devhub.com,Female
808,Sigfrid,McGuane,smcguanemf@shareasale.com,Female
809,Deidre,Guarin,dguarinmg@walmart.com,Male
810,Myrlene,Weighell,mweighellmh@xing.com,Female
811,Arnuad,Gath,agathmi@addtoany.com,Male
812,Hubey,Levey,hleveymj@reddit.com,Female
813,Corilla,Gehrtz,cgehrtzmk@apple.com,Male
814,Mercedes,Hedley,mhedleyml@oaic.gov.au,Female
815,Cortie,Bleackley,cbleackleymm@mediafire.com,Agender
816,Magdalen,Condy,mcondymn@usa.gov,Genderqueer
817,Pascale,Cadwaladr,pcadwaladrmo@bing.com,Female
818,Hiram,Sandells,hsandellsmp@etsy.com,Male
819,Onfre,Mendoza,omendozamq@shutterfly.com,Female
820,Tonya,Cumberledge,tcumberledgemr@admin.ch,Male
821,Janos,Czapla,jczaplams@dion.ne.jp,Male
822,Tabby,Sockell,tsockellmt@tinypic.com,Genderqueer
823,Sophie,McDuffy,smcduffymu@boston.com,Female
824,Kristyn,Bradnock,kbradnockmv@amazon.com,Male
825,Shirlee,Cicullo,scicullomw@booking.com,Male
826,Nathaniel,Plumm,nplummmx@creativecommons.org,Male
827,Ilka,Corpes,icorpesmy@yahoo.com,Male
828,Ward,Giggie,wgiggiemz@sbwire.com,Female
829,Brigit,Mattiussi,bmattiussin0@mail.ru,Male
830,Kimmi,Edeson,kedesonn1@biblegateway.com,Genderfluid
831,Sheppard,Yancey,syanceyn2@chron.com,Male
832,Leigh,Kiely,lkielyn3@de.vu,Female
833,Martin,Brice,mbricen4@msu.edu,Male
834,Elton,Millhill,emillhilln5@wordpress.com,Female
835,Tam,Izchaki,tizchakin6@imageshack.us,Female
836,Vivyanne,Costelow,vcostelown7@blogger.com,Male
837,Leigh,Pickburn,lpickburnn8@foxnews.com,Female
838,Dimitri,Culver,dculvern9@sun.com,Female
839,Julie,Sinkinson,jsinkinsonna@lulu.com,Genderqueer
840,Raimondo,Tirte,rtirtenb@ycombinator.com,Agender
841,Melvin,Humberstone,mhumberstonenc@walmart.com,Female
842,Suzanna,Bernuzzi,sbernuzzind@bloglovin.com,Male
843,Althea,Giovanazzi,agiovanazzine@mashable.com,Agender
844,Jolynn,Castellanos,jcastellanosnf@huffingtonpost.com,Male
845,Vikky,Hammonds,vhammondsng@privacy.gov.au,Male
846,Kleon,Livingston,klivingstonnh@zimbio.com,Male
847,Ermin,Polkinhorn,epolkinhornni@nhs.uk,Female
848,Cyrillus,Armitt,carmittnj@wordpress.com,Female
849,Jo,Hollows,jhollowsnk@elpais.com,Female
850,Esme,Balas,ebalasnl@boston.com,Male
851,Stephi,Storrs,sstorrsnm@squarespace.com,Male
852,Vannie,Skermer,vskermernn@myspace.com,Genderqueer
853,Giuditta,Bordiss,gbordissno@nymag.com,Female
854,Ram,Brear,rbrearnp@tripadvisor.com,Female
855,Audry,Blackstone,ablackstonenq@dedecms.com,Male
856,Jarred,Soaper,jsoapernr@blog.com,Genderfluid
857,Jimmie,Stoddart,jstoddartns@msn.com,Male
858,Maurine,Sanderson,msandersonnt@netlog.com,Male
859,Sigismundo,Danit,sdanitnu@va.gov,Female
860,Theadora,Rielly,triellynv@ucoz.ru,Male
861,Eziechiele,Kiff,ekiffnw@quantcast.com,Polygender
862,Maryanne,Laundon,mlaundonnx@illinois.edu,Male
863,Ranee,Raper,rraperny@wikispaces.com,Male
864,Broderick,MacPadene,bmacpadenenz@ustream.tv,Female
865,Darill,Thorp,dthorpo0@nyu.edu,Female
866,Fannie,Pendrill,fpendrillo1@usatoday.com,Female
867,Marianne,Kenchington,mkenchingtono2@archive.org,Female
868,Maxi,Pitcher,mpitchero3@nifty.com,Female
869,Fair,Milroy,fmilroyo4@squarespace.com,Male
870,Hasty,Berrington,hberringtono5@ca.gov,Female
871,Florencia,Kasperski,fkasperskio6@behance.net,Male
872,Betteann,Klasing,bklasingo7@soundcloud.com,Non-binary
873,Nola,Beniesh,nbeniesho8@freewebs.com,Non-binary
874,Robers,Filyashin,rfilyashino9@cargocollective.com,Male
875,Petronia,Crankhorn,pcrankhornoa@list-manage.com,Male
876,Colene,de Lloyd,cdelloydob@liveinternet.ru,Male
877,Reg,Fulmen,rfulmenoc@bbb.org,Male
878,Selina,Michelmore,smichelmoreod@vistaprint.com,Male
879,Justine,Eldershaw,jeldershawoe@uiuc.edu,Male
880,Conway,Branton,cbrantonof@indiatimes.com,Male
881,Giselbert,Yeabsley,gyeabsleyog@netvibes.com,Male
882,Karyn,Kimbrey,kkimbreyoh@prlog.org,Male
883,Wilona,Arrol,warroloi@eepurl.com,Male
884,Maximilian,Yanele,myaneleoj@g.co,Male
885,Elmore,Garm,egarmok@cafepress.com,Female
886,Arnie,Gallichan,agallichanol@apache.org,Female
887,Ransell,O'Garmen,rogarmenom@squarespace.com,Female
888,Angelico,Cotterill,acotterillon@1und1.de,Female
889,Laurens,Twydell,ltwydelloo@flickr.com,Female
890,Opaline,Shoard,oshoardop@bloglovin.com,Female
891,Aila,Peres,aperesoq@jugem.jp,Male
892,Skippy,Vasnev,svasnevor@purevolume.com,Male
893,Mano,Hamflett,mhamflettos@nih.gov,Genderfluid
894,Fifine,Ralphs,fralphsot@epa.gov,Female
895,Cullie,Eveleigh,ceveleighou@wikimedia.org,Female
896,Ogden,Walisiak,owalisiakov@boston.com,Male
897,Valli,Lain,vlainow@ox.ac.uk,Male
898,Siward,McSharry,smcsharryox@etsy.com,Male
899,Dominica,Innot,dinnotoy@constantcontact.com,Female
900,Joleen,Mintoff,jmintoffoz@statcounter.com,Female
901,Alicia,Durrell,adurrellp0@hatena.ne.jp,Female
902,Lilly,Meynell,lmeynellp1@wufoo.com,Male
903,Gianni,Swafford,gswaffordp2@hc360.com,Male
904,Hy,Heskin,hheskinp3@xrea.com,Male
905,Victoir,Joberne,vjobernep4@photobucket.com,Male
906,Wilie,Nellies,wnelliesp5@washingtonpost.com,Female
907,Colver,Emig,cemigp6@indiegogo.com,Female
908,Maxine,Lombard,mlombardp7@cdc.gov,Male
909,Alejoa,Alessandrini,aalessandrinip8@google.ca,Male
910,Jan,Loins,jloinsp9@hao123.com,Female
911,Teddie,McCrillis,tmccrillispa@ebay.co.uk,Female
912,Levy,Jennery,ljennerypb@wisc.edu,Bigender
913,Eldredge,Panswick,epanswickpc@php.net,Agender
914,Kerrin,Duesberry,kduesberrypd@toplist.cz,Female
915,Pip,Petrishchev,ppetrishchevpe@jigsy.com,Female
916,Silvester,Bosket,sbosketpf@sbwire.com,Male
917,Court,Feldharker,cfeldharkerpg@phpbb.com,Female
918,Clarey,Parlet,cparletph@goo.gl,Female
919,Glyn,Outhwaite,gouthwaitepi@youtu.be,Female
920,Burr,Rimer,brimerpj@state.tx.us,Female
921,Sonni,Pidcock,spidcockpk@jigsy.com,Female
922,Fidel,Dawtre,fdawtrepl@deviantart.com,Male
923,Pippa,Gurdon,pgurdonpm@scientificamerican.com,Male
924,Sue,Elmore,selmorepn@netvibes.com,Male
925,Belvia,Matuszewski,bmatuszewskipo@ucsd.edu,Female
926,Willie,Craigheid,wcraigheidpp@senate.gov,Female
927,Barton,Dederick,bdederickpq@ca.gov,Female
928,Mikaela,Bodley,mbodleypr@hibu.com,Female
929,Carny,Tolley,ctolleyps@illinois.edu,Polygender
930,Barbra,Taylor,btaylorpt@t-online.de,Female
931,Doria,Pilger,dpilgerpu@chron.com,Male
932,Suellen,Blencowe,sblencowepv@oaic.gov.au,Male
933,Lynda,Adame,ladamepw@nps.gov,Female
934,Reagan,Swain,rswainpx@un.org,Female
935,Casandra,Rubenchik,crubenchikpy@google.com.br,Male
936,Emmalyn,Mouncher,emouncherpz@skyrock.com,Female
937,Atalanta,Killigrew,akilligrewq0@vinaora.com,Agender
938,Kean,Maddra,kmaddraq1@e-recht24.de,Female
939,Jeri,Lock,jlockq2@dropbox.com,Male
940,Catina,Carloni,ccarloniq3@uiuc.edu,Female
941,Patience,Rissom,prissomq4@yale.edu,Male
942,Abeu,Artharg,aarthargq5@twitter.com,Male
943,Chloe,Fley,cfleyq6@youtube.com,Female
944,Craig,Scaice,cscaiceq7@goodreads.com,Male
945,Zach,Hadigate,zhadigateq8@bandcamp.com,Male
946,Samaria,Watkinson,swatkinsonq9@dmoz.org,Male
947,Franciskus,Ratlee,fratleeqa@senate.gov,Male
948,Lena,De La Salle,ldelasalleqb@hubpages.com,Female
949,Pall,Villalta,pvillaltaqc@constantcontact.com,Male
950,Gloria,Bunch,gbunchqd@mlb.com,Male
951,Hunter,McGann,hmcgannqe@redcross.org,Female
952,Sergeant,Hancell,shancellqf@theguardian.com,Male
953,Sile,Schrader,sschraderqg@gov.uk,Male
954,Toddie,Haddinton,thaddintonqh@clickbank.net,Male
955,Merla,Sturror,msturrorqi@mozilla.org,Male
956,Claribel,Theyer,ctheyerqj@reuters.com,Male
957,Hasheem,Penylton,hpenyltonqk@4shared.com,Male
958,Farica,Lepard,flepardql@intel.com,Female
959,Rivi,Dinesen,rdinesenqm@paypal.com,Female
960,Abagael,Fennick,afennickqn@dagondesign.com,Female
961,Easter,Scanlin,escanlinqo@twitpic.com,Male
962,Kenon,Mathevet,kmathevetqp@geocities.jp,Female
963,Lydia,Simon,lsimonqq@t.co,Male
964,Hale,Harrill,hharrillqr@nydailynews.com,Male
965,Alvira,McNulty,amcnultyqs@quantcast.com,Male
966,Parnell,Fronsek,pfronsekqt@nba.com,Male
967,Jodie,Birks,jbirksqu@dailymail.co.uk,Female
968,Genvieve,Djakovic,gdjakovicqv@canalblog.com,Female
969,Zack,Dyka,zdykaqw@usa.gov,Female
970,Iorgo,Redmire,iredmireqx@blogs.com,Female
971,Bobby,Antognetti,bantognettiqy@techcrunch.com,Male
972,Dilly,Gowen,dgowenqz@cocolog-nifty.com,Male
973,Belva,Christauffour,bchristauffourr0@live.com,Female
974,Dacey,Shadbolt,dshadboltr1@amazon.co.jp,Male
975,Ferdinande,George,fgeorger2@bbb.org,Male
976,Claybourne,Curman,ccurmanr3@simplemachines.org,Genderfluid
977,Sena,Ennals,sennalsr4@mit.edu,Bigender
978,Felicia,Fairney,ffairneyr5@nih.gov,Female
979,Costanza,Nellis,cnellisr6@oaic.gov.au,Female
980,Gavra,Ortas,gortasr7@aboutads.info,Male